channel_id,group,type,drs_name,notes,Physical,l2_board,fers_board,fers_root_board,,DRS_ROOT_Bridge_Mapping,MCP,
C4,core,Plastic,DRS_Board0_Group1_Channel0,Cable 23,1,3L,5,6,,DRS_Bridge0_Board0_Group0_Channel0,6mm,
C3,core,Scintillation,DRS_Board0_Group1_Channel1,Cable 21,2,3L,5,6,,DRS_Bridge0_Board0_Group0_Channel1,US,DS
C2,core,Quartz,DRS_Board0_Group1_Channel2,Cable 38,3,3L,5,6,,DRS_Bridge0_Board0_Group0_Channel2,DRS_Board6_Group3_Channel6,DRS_Board6_Group3_Channel7
C1,core,Scintillation,DRS_Board0_Group1_Channel3,,4,3L,5,6,,DRS_Bridge0_Board0_Group0_Channel3,3mm,
C12,core,Quartz,DRS_Board0_Group1_Channel4,,5,3L,5,6,,DRS_Bridge0_Board0_Group0_Channel4,US,DS
C11,core,Scintillation,DRS_Board0_Group1_Channel5,13,6,3L,5,6,,DRS_Bridge0_Board0_Group0_Channel5,DRS_Board3_Group3_Channel6,DRS_Board3_Group3_Channel7
C10,core,Quartz,DRS_Board0_Group1_Channel6,,7,3L,5,6,,DRS_Bridge0_Board0_Group0_Channel6,,
C9,core,Scintillation,DRS_Board0_Group1_Channel7,,8,3L,5,6,,DRS_Bridge0_Board0_Group0_Channel7,,
C20,core,Plastic,DRS_Board0_Group2_Channel0,Cable 33,9,3L,5,6,,DRS_Bridge0_Board0_Group1_Channel0,,
C19,core,Scintillation,DRS_Board0_Group2_Channel1,43,10,3L,5,6,,DRS_Bridge0_Board0_Group1_Channel1,,
C18,core,Plastic,DRS_Board0_Group2_Channel2,Cable 59,11,3L,5,6,,DRS_Bridge0_Board0_Group1_Channel2,,
C17,core,Scintillation,DRS_Board0_Group2_Channel3,Cable 134,12,3L,5,6,,DRS_Bridge0_Board0_Group1_Channel3,,
C28,core,Quartz,DRS_Board0_Group2_Channel4,11,13,3L,5,6,,DRS_Bridge0_Board0_Group1_Channel4,,
C27,core,Scintillation,DRS_Board0_Group2_Channel5,Cable24,14,3L,5,6,,DRS_Bridge0_Board0_Group1_Channel5,,
C26,core,Quartz,DRS_Board0_Group2_Channel6,Cable 16,15,3L,5,6,,DRS_Bridge0_Board0_Group1_Channel6,,
C25,core,Scintillation,DRS_Board0_Group2_Channel7,Cable 600,16,3L,5,6,,DRS_Bridge0_Board0_Group1_Channel7,,
C36,core,Plastic,DRS_Board0_Group3_Channel0,Cable 8,17,3L,5,6,,DRS_Bridge0_Board0_Group2_Channel0,,
C35,core,Scintillation,DRS_Board0_Group3_Channel1,Cable 39,18,3L,5,6,,DRS_Bridge0_Board0_Group2_Channel1,,
C34,core,Plastic,DRS_Board0_Group3_Channel2,Cable 47,19,3L,5,6,,DRS_Bridge0_Board0_Group2_Channel2,,
C33,core,Scintillation,DRS_Board0_Group3_Channel3,Cable 109,20,3L,5,6,,DRS_Bridge0_Board0_Group2_Channel3,,
C44,core,Quartz,DRS_Board0_Group3_Channel4,Cable 29,21,3L,5,6,,DRS_Bridge0_Board0_Group2_Channel4,,
C43,core,Scintillation,DRS_Board0_Group3_Channel5,Cable 15,22,3L,5,6,,DRS_Bridge0_Board0_Group2_Channel5,,
C42,core,Quartz,DRS_Board0_Group3_Channel6,62,23,3L,5,6,,DRS_Bridge0_Board0_Group2_Channel6,,
C41,core,Scintillation,DRS_Board0_Group3_Channel7,96,24,3L,5,6,,DRS_Bridge0_Board0_Group2_Channel7,,
C52,core,Quartz,DRS_Board0_Group4_Channel0,Cable 32,25,3L,5,6,,DRS_Bridge0_Board0_Group3_Channel0,,
C51,core,Scintillation,DRS_Board0_Group4_Channel1,Cable 10,26,3L,5,6,,DRS_Bridge0_Board0_Group3_Channel1,,
C50,core,Plastic,DRS_Board0_Group4_Channel2,,27,3L,5,6,,DRS_Bridge0_Board0_Group3_Channel2,,
C49,core,Scintillation,DRS_Board0_Group4_Channel3,,28,3L,5,6,,DRS_Bridge0_Board0_Group3_Channel3,,
C60,core,Quartz,DRS_Board0_Group4_Channel4,,29,3L,5,6,,DRS_Bridge0_Board0_Group3_Channel4,,
C59,core,Scintillation,DRS_Board0_Group4_Channel5,,30,3L,5,6,,DRS_Bridge0_Board0_Group3_Channel5,,
C58,core,Quartz,DRS_Board0_Group4_Channel6,,31,3L,5,6,,DRS_Bridge0_Board0_Group3_Channel6,,
C57,core,Scintillation,DRS_Board0_Group4_Channel7,,32,3L,5,6,,DRS_Bridge0_Board0_Group3_Channel7,,
C8,core,Plastic,DRS_Board1_Group1_Channel0,69,1,3R,6,7,,DRS_Bridge0_Board1_Group0_Channel0,,
C7,core,Scintillation,DRS_Board1_Group1_Channel1,122,2,3R,6,7,,DRS_Bridge0_Board1_Group0_Channel1,,
C6,core,Plastic,DRS_Board1_Group1_Channel2,26,3,3R,6,7,,DRS_Bridge0_Board1_Group0_Channel2,,
C5,core,Scintillation,DRS_Board1_Group1_Channel3,18,4,3R,6,7,,DRS_Bridge0_Board1_Group0_Channel3,,
C16,core,Quartz,DRS_Board1_Group1_Channel4,,5,3R,6,7,,DRS_Bridge0_Board1_Group0_Channel4,,
C15,core,Scintillation,DRS_Board1_Group1_Channel5,,6,3R,6,7,,DRS_Bridge0_Board1_Group0_Channel5,,
C14,core,Quartz,DRS_Board1_Group1_Channel6,,7,3R,6,7,,DRS_Bridge0_Board1_Group0_Channel6,,
C13,core,Scintillation,DRS_Board1_Group1_Channel7,,8,3R,6,7,,DRS_Bridge0_Board1_Group0_Channel7,,
C24,core,Plastic,DRS_Board1_Group2_Channel0,,9,3R,6,7,,DRS_Bridge0_Board1_Group1_Channel0,,
C23,core,Scintillation,DRS_Board1_Group2_Channel1,,10,3R,6,7,,DRS_Bridge0_Board1_Group1_Channel1,,
C22,core,Plastic,DRS_Board1_Group2_Channel2,,11,3R,6,7,,DRS_Bridge0_Board1_Group1_Channel2,,
C21,core,Scintillation,DRS_Board1_Group2_Channel3,,12,3R,6,7,,DRS_Bridge0_Board1_Group1_Channel3,,
C32,core,Quartz,DRS_Board1_Group2_Channel4,,13,3R,6,7,,DRS_Bridge0_Board1_Group1_Channel4,,
C31,core,Scintillation,DRS_Board1_Group2_Channel5,,14,3R,6,7,,DRS_Bridge0_Board1_Group1_Channel5,,
C30,core,Quartz,DRS_Board1_Group2_Channel6,,15,3R,6,7,,DRS_Bridge0_Board1_Group1_Channel6,,
C29,core,Scintillation,DRS_Board1_Group2_Channel7,,16,3R,6,7,,DRS_Bridge0_Board1_Group1_Channel7,,
C40,core,Plastic,DRS_Board1_Group3_Channel0,,17,3R,6,7,,DRS_Bridge0_Board1_Group2_Channel0,,
C39,core,Scintillation,DRS_Board1_Group3_Channel1,,18,3R,6,7,,DRS_Bridge0_Board1_Group2_Channel1,,
C38,core,Plastic,DRS_Board1_Group3_Channel2,,19,3R,6,7,,DRS_Bridge0_Board1_Group2_Channel2,,
C37,core,Scintillation,DRS_Board1_Group3_Channel3,,20,3R,6,7,,DRS_Bridge0_Board1_Group2_Channel3,,
C48,core,Quartz,DRS_Board1_Group3_Channel4,,21,3R,6,7,,DRS_Bridge0_Board1_Group2_Channel4,,
C47,core,Scintillation,DRS_Board1_Group3_Channel5,,22,3R,6,7,,DRS_Bridge0_Board1_Group2_Channel5,,
C46,core,Quartz,DRS_Board1_Group3_Channel6,,23,3R,6,7,,DRS_Bridge0_Board1_Group2_Channel6,,
C45,core,Scintillation,DRS_Board1_Group3_Channel7,,24,3R,6,7,,DRS_Bridge0_Board1_Group2_Channel7,,
C56,core,Plastic,DRS_Board1_Group4_Channel0,,25,3R,6,7,,DRS_Bridge0_Board1_Group3_Channel0,,
C55,core,Scintillation,DRS_Board1_Group4_Channel1,,26,3R,6,7,,DRS_Bridge0_Board1_Group3_Channel1,,
C54,core,Plastic,DRS_Board1_Group4_Channel2,,27,3R,6,7,,DRS_Bridge0_Board1_Group3_Channel2,,
C53,core,Scintillation,DRS_Board1_Group4_Channel3,,28,3R,6,7,,DRS_Bridge0_Board1_Group3_Channel3,,
C64,core,Quartz,DRS_Board1_Group4_Channel4,,29,3R,6,7,,DRS_Bridge0_Board1_Group3_Channel4,,
C63,core,Scintillation,DRS_Board1_Group4_Channel5,,30,3R,6,7,,DRS_Bridge0_Board1_Group3_Channel5,,
C62,core,Quartz,DRS_Board1_Group4_Channel6,,31,3R,6,7,,DRS_Bridge0_Board1_Group3_Channel6,,
C61,core,Scintillation,DRS_Board1_Group4_Channel7,,32,3R,6,7,,DRS_Bridge0_Board1_Group3_Channel7,,
C68,core,Plastic,DRS_Board2_Group1_Channel0,17,33,3L,5,6,,DRS_Bridge0_Board2_Group0_Channel0,,
C67,core,Scintillation,DRS_Board2_Group1_Channel1,48,34,3L,5,6,,DRS_Bridge0_Board2_Group0_Channel1,,
C66,core,Plastic,DRS_Board2_Group1_Channel2,,35,3L,5,6,,DRS_Bridge0_Board2_Group0_Channel2,,
C65,core,Scintillation,DRS_Board2_Group1_Channel3,,36,3L,5,6,,DRS_Bridge0_Board2_Group0_Channel3,,
C76,core,Quartz,DRS_Board2_Group1_Channel4,,37,3L,5,6,,DRS_Bridge0_Board2_Group0_Channel4,,
C75,core,Scintillation,DRS_Board2_Group1_Channel5,,38,3L,5,6,,DRS_Bridge0_Board2_Group0_Channel5,,
C74,core,Quartz,DRS_Board2_Group1_Channel6,,39,3L,5,6,,DRS_Bridge0_Board2_Group0_Channel6,,
C73,core,Scintillation,DRS_Board2_Group1_Channel7,,40,3L,5,6,,DRS_Bridge0_Board2_Group0_Channel7,,
C84,core,Plastic,DRS_Board2_Group2_Channel0,,41,3L,5,6,,DRS_Bridge0_Board2_Group1_Channel0,,
C83,core,Scintillation,DRS_Board2_Group2_Channel1,,42,3L,5,6,,DRS_Bridge0_Board2_Group1_Channel1,,
C82,core,Plastic,DRS_Board2_Group2_Channel2,,43,3L,5,6,,DRS_Bridge0_Board2_Group1_Channel2,,
C81,core,Scintillation,DRS_Board2_Group2_Channel3,,44,3L,5,6,,DRS_Bridge0_Board2_Group1_Channel3,,
C92,core,Quartz,DRS_Board2_Group2_Channel4,,45,3L,5,6,,DRS_Bridge0_Board2_Group1_Channel4,,
C91,core,Scintillation,DRS_Board2_Group2_Channel5,,46,3L,5,6,,DRS_Bridge0_Board2_Group1_Channel5,,
C90,core,Quartz,DRS_Board2_Group2_Channel6,,47,3L,5,6,,DRS_Bridge0_Board2_Group1_Channel6,,
C89,core,Scintillation,DRS_Board2_Group2_Channel7,,48,3L,5,6,,DRS_Bridge0_Board2_Group1_Channel7,,
C100,core,Plastic,DRS_Board2_Group3_Channel0,,49,3L,5,6,,DRS_Bridge0_Board2_Group2_Channel0,,
C99,core,Scintillation,DRS_Board2_Group3_Channel1,,50,3L,5,6,,DRS_Bridge0_Board2_Group2_Channel1,,
C98,core,Plastic,DRS_Board2_Group3_Channel2,,51,3L,5,6,,DRS_Bridge0_Board2_Group2_Channel2,,
C97,core,Scintillation,DRS_Board2_Group3_Channel3,,52,3L,5,6,,DRS_Bridge0_Board2_Group2_Channel3,,
C108,core,Quartz,DRS_Board2_Group3_Channel4,,53,3L,5,6,,DRS_Bridge0_Board2_Group2_Channel4,,
C107,core,Scintillation,DRS_Board2_Group3_Channel5,,54,3L,5,6,,DRS_Bridge0_Board2_Group2_Channel5,,
C106,core,Quartz,DRS_Board2_Group3_Channel6,,55,3L,5,6,,DRS_Bridge0_Board2_Group2_Channel6,,
C105,core,Scintillation,DRS_Board2_Group3_Channel7,,56,3L,5,6,,DRS_Bridge0_Board2_Group2_Channel7,,
C116,core,Plastic,DRS_Board2_Group4_Channel0,,57,3L,5,6,,DRS_Bridge0_Board2_Group3_Channel0,,
C115,core,Scintillation,DRS_Board2_Group4_Channel1,,58,3L,5,6,,DRS_Bridge0_Board2_Group3_Channel1,,
C114,core,Plastic,DRS_Board2_Group4_Channel2,,59,3L,5,6,,DRS_Bridge0_Board2_Group3_Channel2,,
C113,core,Scintillation,DRS_Board2_Group4_Channel3,,60,3L,5,6,,DRS_Bridge0_Board2_Group3_Channel3,,
C124,core,Quartz,DRS_Board2_Group4_Channel4,,61,3L,5,6,,DRS_Bridge0_Board2_Group3_Channel4,,
C123,core,Scintillation,DRS_Board2_Group4_Channel5,,62,3L,5,6,,DRS_Bridge0_Board2_Group3_Channel5,,
C122,core,Quartz,DRS_Board2_Group4_Channel6,,63,3L,5,6,,DRS_Bridge0_Board2_Group3_Channel6,,
C121,core,Scintillation,DRS_Board2_Group4_Channel7,63,64,3L,5,6,,DRS_Bridge0_Board2_Group3_Channel7,,
C72,core,Plastic,DRS_Board3_Group1_Channel0,70,33,3R,6,7,,DRS_Bridge0_Board3_Group0_Channel0,,
C71,core,Scintillation,DRS_Board3_Group1_Channel1,,34,3R,6,7,,DRS_Bridge0_Board3_Group0_Channel1,,
C70,core,Plastic,DRS_Board3_Group1_Channel2,,35,3R,6,7,,DRS_Bridge0_Board3_Group0_Channel2,,
C69,core,Scintillation,DRS_Board3_Group1_Channel3,,36,3R,6,7,,DRS_Bridge0_Board3_Group0_Channel3,,
C80,core,Quartz,DRS_Board3_Group1_Channel4,,37,3R,6,7,,DRS_Bridge0_Board3_Group0_Channel4,,
C79,core,Scintillation,DRS_Board3_Group1_Channel5,,38,3R,6,7,,DRS_Bridge0_Board3_Group0_Channel5,,
C78,core,Quartz,DRS_Board3_Group1_Channel6,,39,3R,6,7,,DRS_Bridge0_Board3_Group0_Channel6,,
C77,core,Scintillation,DRS_Board3_Group1_Channel7,,40,3R,6,7,,DRS_Bridge0_Board3_Group0_Channel7,,
C88,core,Plastic,DRS_Board3_Group2_Channel0,,41,3R,6,7,,DRS_Bridge0_Board3_Group1_Channel0,,
C87,core,Scintillation,DRS_Board3_Group2_Channel1,,42,3R,6,7,,DRS_Bridge0_Board3_Group1_Channel1,,
C86,core,Plastic,DRS_Board3_Group2_Channel2,,43,3R,6,7,,DRS_Bridge0_Board3_Group1_Channel2,,
C85,core,Scintillation,DRS_Board3_Group2_Channel3,,44,3R,6,7,,DRS_Bridge0_Board3_Group1_Channel3,,
C96,core,Quartz,DRS_Board3_Group2_Channel4,,45,3R,6,7,,DRS_Bridge0_Board3_Group1_Channel4,,
C95,core,Scintillation,DRS_Board3_Group2_Channel5,,46,3R,6,7,,DRS_Bridge0_Board3_Group1_Channel5,,
C94,core,Quartz,DRS_Board3_Group2_Channel6,,47,3R,6,7,,DRS_Bridge0_Board3_Group1_Channel6,,
C93,core,Scintillation,DRS_Board3_Group2_Channel7,,48,3R,6,7,,DRS_Bridge0_Board3_Group1_Channel7,,
C104,core,Plastic,DRS_Board3_Group3_Channel0,,49,3R,6,7,,DRS_Bridge0_Board3_Group2_Channel0,,
C103,core,Scintillation,DRS_Board3_Group3_Channel1,,50,3R,6,7,,DRS_Bridge0_Board3_Group2_Channel1,,
C102,core,Plastic,DRS_Board3_Group3_Channel2,,51,3R,6,7,,DRS_Bridge0_Board3_Group2_Channel2,,
C101,core,Scintillation,DRS_Board3_Group3_Channel3,,52,3R,6,7,,DRS_Bridge0_Board3_Group2_Channel3,,
C112,core,Quartz,DRS_Board3_Group3_Channel4,,53,3R,6,7,,DRS_Bridge0_Board3_Group2_Channel4,,
C111,core,Scintillation,DRS_Board3_Group3_Channel5,,54,3R,6,7,,DRS_Bridge0_Board3_Group2_Channel5,,
C110,core,Quartz,DRS_Board3_Group3_Channel6,,55,3R,6,7,,DRS_Bridge0_Board3_Group2_Channel6,,
C109,core,Scintillation,DRS_Board3_Group3_Channel7,,56,3R,6,7,,DRS_Bridge0_Board3_Group2_Channel7,,
C120,core,Plastic,DRS_Board3_Group4_Channel0,,57,3R,6,7,,DRS_Bridge0_Board3_Group3_Channel0,,
C119,core,Scintillation,DRS_Board3_Group4_Channel1,,58,3R,6,7,,DRS_Bridge0_Board3_Group3_Channel1,,
C118,core,Plastic,DRS_Board3_Group4_Channel2,,59,3R,6,7,,DRS_Bridge0_Board3_Group3_Channel2,,
C117,core,Scintillation,DRS_Board3_Group4_Channel3,,60,3R,6,7,,DRS_Bridge0_Board3_Group3_Channel3,,
C128,core,Quartz,DRS_Board4_Group4_Channel6,,61,3R,6,7,,DRS_Bridge1_Board1_Group3_Channel6,,
C127,core,Scintillation,DRS_Board4_Group4_Channel7,,62,3R,6,7,,DRS_Bridge1_Board1_Group3_Channel7,,
C126,core,Quartz,DRS_Board3_Group4_Channel6,,63,3R,6,7,,DRS_Bridge0_Board3_Group3_Channel6,,
C125,core,Scintillation,DRS_Board3_Group4_Channel7,97,64,3R,6,7,,DRS_Bridge0_Board3_Group3_Channel7,,
584,outer,Quartz,DRS_Board4_Group1_Channel0,,1,101,3,4,,DRS_Bridge1_Board1_Group0_Channel0,,
583,outer,Quartz,DRS_Board4_Group1_Channel1,,2,101,3,4,,DRS_Bridge1_Board1_Group0_Channel1,,
582,outer,Quartz,DRS_Board4_Group1_Channel2,,3,101,3,4,,DRS_Bridge1_Board1_Group0_Channel2,,
581,outer,Quartz,DRS_Board4_Group1_Channel3,,4,101,3,4,,DRS_Bridge1_Board1_Group0_Channel3,,
640,outer,Quartz,DRS_Board4_Group1_Channel4,,9,101,3,4,,DRS_Bridge1_Board1_Group0_Channel4,,
639,outer,Quartz,DRS_Board4_Group1_Channel5,,10,101,3,4,,DRS_Bridge1_Board1_Group0_Channel5,,
638,outer,Quartz,DRS_Board4_Group1_Channel6,,11,101,3,4,,DRS_Bridge1_Board1_Group0_Channel6,,
637,outer,Quartz,DRS_Board4_Group1_Channel7,,12,101,3,4,,DRS_Bridge1_Board1_Group0_Channel7,,
694,outer,Quartz,DRS_Board4_Group2_Channel0,,17,101,3,4,,DRS_Bridge1_Board1_Group1_Channel0,,
693,outer,Quartz,DRS_Board4_Group2_Channel1,,18,101,3,4,,DRS_Bridge1_Board1_Group1_Channel1,,
692,outer,Quartz,DRS_Board4_Group2_Channel2,,19,101,3,4,,DRS_Bridge1_Board1_Group1_Channel2,,
691,outer,Quartz,DRS_Board4_Group2_Channel3,,20,101,3,4,,DRS_Bridge1_Board1_Group1_Channel3,,
740,outer,Quartz,DRS_Board4_Group2_Channel4,,27,101,3,4,,DRS_Bridge1_Board1_Group1_Channel4,,
739,outer,Quartz,DRS_Board4_Group2_Channel5,,28,101,3,4,,DRS_Bridge1_Board1_Group1_Channel5,,
166,outer,Quartz,DRS_Board4_Group2_Channel6,,33,111,12,15,,DRS_Bridge1_Board1_Group1_Channel6,,
165,outer,Quartz,DRS_Board4_Group2_Channel7,,34,111,12,15,,DRS_Bridge1_Board1_Group1_Channel7,,
164,outer,Quartz,DRS_Board4_Group3_Channel0,,35,111,12,15,,DRS_Bridge1_Board1_Group2_Channel0,,
163,outer,Quartz,DRS_Board4_Group3_Channel1,,36,111,12,15,,DRS_Bridge1_Board1_Group2_Channel1,,
214,outer,Quartz,DRS_Board4_Group3_Channel2,,41,111,12,15,,DRS_Bridge1_Board1_Group2_Channel2,,
213,outer,Quartz,DRS_Board4_Group3_Channel3,,42,111,12,15,,DRS_Bridge1_Board1_Group2_Channel3,,
212,outer,Quartz,DRS_Board4_Group3_Channel4,,43,111,12,15,,DRS_Bridge1_Board1_Group2_Channel4,,
211,outer,Quartz,DRS_Board4_Group3_Channel5,,44,111,12,15,,DRS_Bridge1_Board1_Group2_Channel5,,
264,outer,Quartz,DRS_Board4_Group3_Channel6,,49,111,12,15,,DRS_Bridge1_Board1_Group2_Channel6,,
263,outer,Quartz,DRS_Board4_Group3_Channel7,,50,111,12,15,,DRS_Bridge1_Board1_Group2_Channel7,,
262,outer,Quartz,DRS_Board4_Group4_Channel0,,51,111,12,15,,DRS_Bridge1_Board1_Group3_Channel0,,
261,outer,Quartz,DRS_Board4_Group4_Channel1,,52,111,12,15,,DRS_Bridge1_Board1_Group3_Channel1,,
320,outer,Quartz,DRS_Board4_Group4_Channel2,,57,111,12,15,,DRS_Bridge1_Board1_Group3_Channel2,,
319,outer,Quartz,DRS_Board4_Group4_Channel3,,58,111,12,15,,DRS_Bridge1_Board1_Group3_Channel3,,
318,outer,Quartz,DRS_Board4_Group4_Channel4,,59,111,12,15,,DRS_Bridge1_Board1_Group3_Channel4,,
317,outer,Quartz,DRS_Board4_Group4_Channel5,,60,111,12,15,,DRS_Bridge1_Board1_Group3_Channel5,,
268,outer,Quartz,DRS_Board5_Group1_Channel0,,33,107,13,10,,DRS_Bridge1_Board2_Group0_Channel0,,
267,outer,Quartz,DRS_Board5_Group1_Channel1,,34,107,13,10,,DRS_Bridge1_Board2_Group0_Channel1,,
266,outer,Quartz,DRS_Board5_Group1_Channel2,,35,107,13,10,,DRS_Bridge1_Board2_Group0_Channel2,,
265,outer,Quartz,DRS_Board5_Group1_Channel3,,36,107,13,10,,DRS_Bridge1_Board2_Group0_Channel3,,
324,outer,Quartz,DRS_Board5_Group1_Channel4,,41,107,13,10,,DRS_Bridge1_Board2_Group0_Channel4,,
323,outer,Quartz,DRS_Board5_Group1_Channel5,,42,107,13,10,,DRS_Bridge1_Board2_Group0_Channel5,,
322,outer,Quartz,DRS_Board5_Group1_Channel6,,43,107,13,10,,DRS_Bridge1_Board2_Group0_Channel6,,
321,outer,Quartz,DRS_Board5_Group1_Channel7,,44,107,13,10,,DRS_Bridge1_Board2_Group0_Channel7,,
377,outer,Quartz,DRS_Board5_Group2_Channel0,,49,107,13,10,,DRS_Bridge1_Board2_Group1_Channel0,,
376,outer,Quartz,DRS_Board5_Group2_Channel1,,50,107,13,10,,DRS_Bridge1_Board2_Group1_Channel1,,
375,outer,Quartz,DRS_Board5_Group2_Channel2,,51,107,13,10,,DRS_Bridge1_Board2_Group1_Channel2,,
374,outer,Quartz,DRS_Board5_Group2_Channel3,,52,107,13,10,,DRS_Bridge1_Board2_Group1_Channel3,,
429,outer,Quartz,DRS_Board5_Group2_Channel4,,57,107,13,10,,DRS_Bridge1_Board2_Group1_Channel4,,
428,outer,Quartz,DRS_Board5_Group2_Channel5,,58,107,13,10,,DRS_Bridge1_Board2_Group1_Channel5,,
427,outer,Quartz,DRS_Board5_Group2_Channel6,,59,107,13,10,,DRS_Bridge1_Board2_Group1_Channel6,,
426,outer,Quartz,DRS_Board5_Group2_Channel7,,60,107,13,10,,DRS_Bridge1_Board2_Group1_Channel7,,
481,outer,Quartz,DRS_Board5_Group3_Channel0,,1,108,4,5,,DRS_Bridge1_Board2_Group2_Channel0,,
480,outer,Quartz,DRS_Board5_Group3_Channel1,,2,108,4,5,,DRS_Bridge1_Board2_Group2_Channel1,,
479,outer,Quartz,DRS_Board5_Group3_Channel2,,3,108,4,5,,DRS_Bridge1_Board2_Group2_Channel2,,
478,outer,Quartz,DRS_Board5_Group3_Channel3,,4,108,4,5,,DRS_Bridge1_Board2_Group2_Channel3,,
533,outer,Quartz,DRS_Board5_Group3_Channel4,,9,108,4,5,,DRS_Bridge1_Board2_Group2_Channel4,,
532,outer,Quartz,DRS_Board5_Group3_Channel5,,10,108,4,5,,DRS_Bridge1_Board2_Group2_Channel5,,
531,outer,Quartz,DRS_Board5_Group3_Channel6,,11,108,4,5,,DRS_Bridge1_Board2_Group2_Channel6,,
530,outer,Quartz,DRS_Board5_Group3_Channel7,,12,108,4,5,,DRS_Bridge1_Board2_Group2_Channel7,,
588,outer,Quartz,DRS_Board5_Group4_Channel0,,17,108,4,5,,DRS_Bridge1_Board2_Group3_Channel0,,
587,outer,Quartz,DRS_Board5_Group4_Channel1,,18,108,4,5,,DRS_Bridge1_Board2_Group3_Channel1,,
586,outer,Quartz,DRS_Board5_Group4_Channel2,,19,108,4,5,,DRS_Bridge1_Board2_Group3_Channel2,,
585,outer,Quartz,DRS_Board5_Group4_Channel3,,20,108,4,5,,DRS_Bridge1_Board2_Group3_Channel3,,
644,outer,Quartz,DRS_Board5_Group4_Channel4,,25,108,4,5,,DRS_Bridge1_Board2_Group3_Channel4,,
643,outer,Quartz,DRS_Board5_Group4_Channel5,,26,108,4,5,,DRS_Bridge1_Board2_Group3_Channel5,,
642,outer,Quartz,DRS_Board5_Group4_Channel6,,27,108,4,5,,DRS_Bridge1_Board2_Group3_Channel6,,
641,outer,Quartz,DRS_Board5_Group4_Channel7,,28,108,4,5,,DRS_Bridge1_Board2_Group3_Channel7,,
260,outer,Quartz,DRS_Board6_Group1_Channel0,,33,114,11,14,,DRS_Bridge1_Board3_Group0_Channel0,,
259,outer,Quartz,DRS_Board6_Group1_Channel1,,34,114,11,14,,DRS_Bridge1_Board3_Group0_Channel1,,
258,outer,Quartz,DRS_Board6_Group1_Channel2,,35,114,11,14,,DRS_Bridge1_Board3_Group0_Channel2,,
257,outer,Quartz,DRS_Board6_Group1_Channel3,,36,114,11,14,,DRS_Bridge1_Board3_Group0_Channel3,,
316,outer,Quartz,DRS_Board6_Group1_Channel4,,41,114,11,14,,DRS_Bridge1_Board3_Group0_Channel4,,
315,outer,Quartz,DRS_Board6_Group1_Channel5,,42,114,11,14,,DRS_Bridge1_Board3_Group0_Channel5,,
314,outer,Quartz,DRS_Board6_Group1_Channel6,,43,114,11,14,,DRS_Bridge1_Board3_Group0_Channel6,,
313,outer,Quartz,DRS_Board6_Group1_Channel7,,44,114,11,14,,DRS_Bridge1_Board3_Group0_Channel7,,
373,outer,Quartz,DRS_Board6_Group2_Channel0,,49,114,11,14,,DRS_Bridge1_Board3_Group1_Channel0,,
372,outer,Quartz,DRS_Board6_Group2_Channel1,,50,114,11,14,,DRS_Bridge1_Board3_Group1_Channel1,,
371,outer,Quartz,DRS_Board6_Group2_Channel2,,51,114,11,14,,DRS_Bridge1_Board3_Group1_Channel2,,
370,outer,Quartz,DRS_Board6_Group2_Channel3,,52,114,11,14,,DRS_Bridge1_Board3_Group1_Channel3,,
425,outer,Quartz,DRS_Board6_Group2_Channel4,,57,114,11,14,,DRS_Bridge1_Board3_Group1_Channel4,,
424,outer,Quartz,DRS_Board6_Group2_Channel5,,58,114,11,14,,DRS_Bridge1_Board3_Group1_Channel5,,
423,outer,Quartz,DRS_Board6_Group2_Channel6,,59,114,11,14,,DRS_Bridge1_Board3_Group1_Channel6,,
422,outer,Quartz,DRS_Board6_Group2_Channel7,,60,114,11,14,,DRS_Bridge1_Board3_Group1_Channel7,,
477,outer,Quartz,DRS_Board6_Group3_Channel0,,1,110,2,3,,DRS_Bridge1_Board3_Group2_Channel0,,
476,outer,Quartz,DRS_Board6_Group3_Channel1,,2,110,2,3,,DRS_Bridge1_Board3_Group2_Channel1,,
475,outer,Quartz,DRS_Board6_Group3_Channel2,,3,110,2,3,,DRS_Bridge1_Board3_Group2_Channel2,,
474,outer,Quartz,DRS_Board6_Group3_Channel3,,4,110,2,3,,DRS_Bridge1_Board3_Group2_Channel3,,
529,outer,Quartz,DRS_Board6_Group3_Channel4,,9,110,2,3,,DRS_Bridge1_Board3_Group2_Channel4,,
528,outer,Quartz,DRS_Board6_Group3_Channel5,,10,110,2,3,,DRS_Bridge1_Board3_Group2_Channel5,,
527,outer,Quartz,DRS_Board6_Group3_Channel6,,11,110,2,3,,DRS_Bridge1_Board3_Group2_Channel6,,
526,outer,Quartz,DRS_Board6_Group3_Channel7,,12,110,2,3,,DRS_Bridge1_Board3_Group2_Channel7,,
580,outer,Quartz,DRS_Board6_Group4_Channel0,,17,110,2,3,,DRS_Bridge1_Board3_Group3_Channel0,,
579,outer,Quartz,DRS_Board6_Group4_Channel1,,18,110,2,3,,DRS_Bridge1_Board3_Group3_Channel1,,
578,outer,Quartz,DRS_Board6_Group4_Channel2,,19,110,2,3,,DRS_Bridge1_Board3_Group3_Channel2,,
577,outer,Quartz,DRS_Board6_Group4_Channel3,,20,110,2,3,,DRS_Bridge1_Board3_Group3_Channel3,,
636,outer,Quartz,DRS_Board6_Group4_Channel4,,25,110,2,3,,DRS_Bridge1_Board3_Group3_Channel4,,
635,outer,Quartz,DRS_Board6_Group4_Channel5,,26,110,2,3,,DRS_Bridge1_Board3_Group3_Channel5,,
